"1st Run","2nd Run","3rd Run"
0.899684095829132,0.132194239432759,0.0314665128207638
-0.705639221328964,-0.649918079211066,1.10609271100139
0.822370255520555,-0.263276661739374,0.118159864950181
0.168669255021957,-2.52476381196188,0.14299149151972
-1.32349930340322,-0.811705488460258,0.903738514035626
